-- MySQL Script generated by MySQL Workbench
-- Wed Feb 17 17:55:07 2021
-- Model: New Model    Version: 1.0
-- MySQL Workbench Forward Engineering

SET @OLD_UNIQUE_CHECKS=@@UNIQUE_CHECKS, UNIQUE_CHECKS=0;
SET @OLD_FOREIGN_KEY_CHECKS=@@FOREIGN_KEY_CHECKS, FOREIGN_KEY_CHECKS=0;
SET @OLD_SQL_MODE=@@SQL_MODE, SQL_MODE='ONLY_FULL_GROUP_BY,STRICT_TRANS_TABLES,NO_ZERO_IN_DATE,NO_ZERO_DATE,ERROR_FOR_DIVISION_BY_ZERO,NO_ENGINE_SUBSTITUTION';

-- -----------------------------------------------------
-- Schema cjg18
-- -----------------------------------------------------
DROP SCHEMA IF EXISTS `cjg18` ;

-- -----------------------------------------------------
-- Schema cjg18
-- -----------------------------------------------------
CREATE SCHEMA IF NOT EXISTS `cjg18` DEFAULT CHARACTER SET utf8 ;
SHOW WARNINGS;
USE `cjg18` ;

-- -----------------------------------------------------
-- Table `cjg18`.`petstore`
-- -----------------------------------------------------
CREATE TABLE IF NOT EXISTS `cjg18`.`petstore` (
  `pst_id` SMALLINT UNSIGNED NOT NULL AUTO_INCREMENT,
  `pst_name` VARCHAR(45) NOT NULL,
  `pst_street` VARCHAR(45) NOT NULL,
  `pst_city` VARCHAR(45) NOT NULL,
  `pst_state` CHAR(2) NOT NULL,
  `pst_zip` INT(9) UNSIGNED NOT NULL,
  `pst_phone` BIGINT UNSIGNED NOT NULL,
  `pst_email` VARCHAR(100) NOT NULL,
  `pst_url` VARCHAR(100) NOT NULL,
  `pst_ytd_sales` DECIMAL(10,2) NOT NULL,
  `pst_notes` VARCHAR(255) NULL,
  PRIMARY KEY (`pst_id`))
ENGINE = InnoDB;

SHOW WARNINGS;

-- -----------------------------------------------------
-- Table `cjg18`.`customer`
-- -----------------------------------------------------
CREATE TABLE IF NOT EXISTS `cjg18`.`customer` (
  `cus_id` SMALLINT UNSIGNED NOT NULL,
  `cus_fname` VARCHAR(45) NOT NULL,
  `cus_lname` VARCHAR(45) NOT NULL,
  `cus_street` VARCHAR(45) NOT NULL,
  `cus_city` VARCHAR(45) NOT NULL,
  `cus_state` CHAR(2) NOT NULL,
  `cus_zip` INT NOT NULL,
  `cus_phone` BIGINT UNSIGNED NOT NULL,
  `cus_email` VARCHAR(100) NOT NULL,
  `cus_balance` DECIMAL(8,2) NOT NULL,
  `cus_total_sales` DECIMAL(8,2) NOT NULL,
  `cus_notes` VARCHAR(255) NULL,
  PRIMARY KEY (`cus_id`))
ENGINE = InnoDB;

SHOW WARNINGS;

-- -----------------------------------------------------
-- Table `cjg18`.`pet`
-- -----------------------------------------------------
CREATE TABLE IF NOT EXISTS `cjg18`.`pet` (
  `pet_id` SMALLINT UNSIGNED NOT NULL AUTO_INCREMENT,
  `pst_id` SMALLINT UNSIGNED NOT NULL,
  `cus_id` SMALLINT UNSIGNED NULL,
  `pet_type` VARCHAR(45) NOT NULL,
  `pet_sex` ENUM('m', 'f') NOT NULL,
  `pet_cost` DECIMAL(6,2) NOT NULL,
  `pet_price` DECIMAL(6,2) NOT NULL,
  `pet_age` TINYINT NOT NULL,
  `pet_color` VARCHAR(45) NOT NULL,
  `pet_sale_date` DATE NULL,
  `pet_vaccine` ENUM('y', 'n') NOT NULL,
  `pet_neuter` ENUM('y', 'n') NOT NULL,
  `pet_notes` VARCHAR(45) NULL,
  PRIMARY KEY (`pet_id`),
  INDEX `fk_pet_petstore_idx` (`pst_id` ASC) VISIBLE,
  INDEX `fk_pet_customer1_idx` (`cus_id` ASC) VISIBLE,
  CONSTRAINT `fk_pet_petstore`
    FOREIGN KEY (`pst_id`)
    REFERENCES `cjg18`.`petstore` (`pst_id`)
    ON DELETE CASCADE
    ON UPDATE CASCADE,
  CONSTRAINT `fk_pet_customer1`
    FOREIGN KEY (`cus_id`)
    REFERENCES `cjg18`.`customer` (`cus_id`)
    ON DELETE CASCADE
    ON UPDATE CASCADE)
ENGINE = InnoDB;

SHOW WARNINGS;

SET SQL_MODE=@OLD_SQL_MODE;
SET FOREIGN_KEY_CHECKS=@OLD_FOREIGN_KEY_CHECKS;
SET UNIQUE_CHECKS=@OLD_UNIQUE_CHECKS;

-- -----------------------------------------------------
-- Data for table `cjg18`.`petstore`
-- -----------------------------------------------------
START TRANSACTION;
USE `cjg18`;
INSERT INTO `cjg18`.`petstore` (`pst_id`, `pst_name`, `pst_street`, `pst_city`, `pst_state`, `pst_zip`, `pst_phone`, `pst_email`, `pst_url`, `pst_ytd_sales`, `pst_notes`) VALUES (1, 'bob pets', '123 Main st', 'NY', 'NY', 657488765, 8765678654, 'johnsmith@gmail.com', 'wewewe.com', 50000, NULL);
INSERT INTO `cjg18`.`petstore` (`pst_id`, `pst_name`, `pst_street`, `pst_city`, `pst_state`, `pst_zip`, `pst_phone`, `pst_email`, `pst_url`, `pst_ytd_sales`, `pst_notes`) VALUES (2, 'ricks pets', '134 circle st', 'Largo', 'FL', 465787556, 4447776378, 'bobs@gmail.com', 'gogogo.com', 15000, NULL);
INSERT INTO `cjg18`.`petstore` (`pst_id`, `pst_name`, `pst_street`, `pst_city`, `pst_state`, `pst_zip`, `pst_phone`, `pst_email`, `pst_url`, `pst_ytd_sales`, `pst_notes`) VALUES (3, 'steves pets', '555 square st', 'Tarpon', 'FL', 777888789, 3335552214, 'steves@gmail.com', 'toddi.com', 65000, NULL);
INSERT INTO `cjg18`.`petstore` (`pst_id`, `pst_name`, `pst_street`, `pst_city`, `pst_state`, `pst_zip`, `pst_phone`, `pst_email`, `pst_url`, `pst_ytd_sales`, `pst_notes`) VALUES (4, 'ians pets', '543 tri st', 'Clearwater', 'FL', 789876543, 9991112678, 'popsi@gmail.com', 'bobood.com', 30000, NULL);
INSERT INTO `cjg18`.`petstore` (`pst_id`, `pst_name`, `pst_street`, `pst_city`, `pst_state`, `pst_zip`, `pst_phone`, `pst_email`, `pst_url`, `pst_ytd_sales`, `pst_notes`) VALUES (5, 'tods pets', '888 mushroom st', 'Austin', 'TX', 944888732, 7775554367, 'himom@gmail.com', 'himom.com', 70000, NULL);
INSERT INTO `cjg18`.`petstore` (`pst_id`, `pst_name`, `pst_street`, `pst_city`, `pst_state`, `pst_zip`, `pst_phone`, `pst_email`, `pst_url`, `pst_ytd_sales`, `pst_notes`) VALUES (6, 'green pets', '332 whip st', 'largo', 'fl', 944888733, 5746356782, 'scim@gmail.com', 'scim.com', 39000, NULL);
INSERT INTO `cjg18`.`petstore` (`pst_id`, `pst_name`, `pst_street`, `pst_city`, `pst_state`, `pst_zip`, `pst_phone`, `pst_email`, `pst_url`, `pst_ytd_sales`, `pst_notes`) VALUES (7, 'blue pets', '567 scim st', 'largo', 'fl', 944888734, 5746356783, 'dag@gmail.com', 'dag.com', 12000, NULL);
INSERT INTO `cjg18`.`petstore` (`pst_id`, `pst_name`, `pst_street`, `pst_city`, `pst_state`, `pst_zip`, `pst_phone`, `pst_email`, `pst_url`, `pst_ytd_sales`, `pst_notes`) VALUES (8, 'yellow pets', '787 dagger st', 'largo', 'fl', 944888735, 5746356784, 'pops@gmail.com', 'pops.com', 67000, NULL);
INSERT INTO `cjg18`.`petstore` (`pst_id`, `pst_name`, `pst_street`, `pst_city`, `pst_state`, `pst_zip`, `pst_phone`, `pst_email`, `pst_url`, `pst_ytd_sales`, `pst_notes`) VALUES (9, 'black pets', '111 axe st', 'largo', 'fl', 944888736, 5746356785, 'greeny@gmail.com', 'greeny.com', 44000, NULL);
INSERT INTO `cjg18`.`petstore` (`pst_id`, `pst_name`, `pst_street`, `pst_city`, `pst_state`, `pst_zip`, `pst_phone`, `pst_email`, `pst_url`, `pst_ytd_sales`, `pst_notes`) VALUES (10, 'white pets', '777 mace', 'largo', 'fl', 944888737, 5746356786, 'yeeter@gmail.com', 'yeeter.com', 77000, NULL);

COMMIT;


-- -----------------------------------------------------
-- Data for table `cjg18`.`customer`
-- -----------------------------------------------------
START TRANSACTION;
USE `cjg18`;
INSERT INTO `cjg18`.`customer` (`cus_id`, `cus_fname`, `cus_lname`, `cus_street`, `cus_city`, `cus_state`, `cus_zip`, `cus_phone`, `cus_email`, `cus_balance`, `cus_total_sales`, `cus_notes`) VALUES (1, 'bob', 'brown', '444 willow st', 'largo', 'fl', 444333256, 8881119287, 'willow@gmail.com', 1000, 1, NULL);
INSERT INTO `cjg18`.`customer` (`cus_id`, `cus_fname`, `cus_lname`, `cus_street`, `cus_city`, `cus_state`, `cus_zip`, `cus_phone`, `cus_email`, `cus_balance`, `cus_total_sales`, `cus_notes`) VALUES (2, 'john', 'white', '666 oak st', 'largo', 'fl', 789666456, 3337289098, 'oak@gmail.com', 2000, 2, NULL);
INSERT INTO `cjg18`.`customer` (`cus_id`, `cus_fname`, `cus_lname`, `cus_street`, `cus_city`, `cus_state`, `cus_zip`, `cus_phone`, `cus_email`, `cus_balance`, `cus_total_sales`, `cus_notes`) VALUES (3, 'ian', 'black', '999 yew st', 'austin', 'tx', 334221678, 9187098761, 'yew@gmail.com', 3000, 3, NULL);
INSERT INTO `cjg18`.`customer` (`cus_id`, `cus_fname`, `cus_lname`, `cus_street`, `cus_city`, `cus_state`, `cus_zip`, `cus_phone`, `cus_email`, `cus_balance`, `cus_total_sales`, `cus_notes`) VALUES (4, 'cole', 'green', '111 maple', 'tampa', 'fl', 888555789, 2637778291, 'maple@gmai.com', 4000, 4, NULL);
INSERT INTO `cjg18`.`customer` (`cus_id`, `cus_fname`, `cus_lname`, `cus_street`, `cus_city`, `cus_state`, `cus_zip`, `cus_phone`, `cus_email`, `cus_balance`, `cus_total_sales`, `cus_notes`) VALUES (5, 'chris', 'blue', '100 acorn st', 'tallahassee', 'fl', 343445632, 2228765378, 'acorn@gmail.com', 5000, 5, NULL);
INSERT INTO `cjg18`.`customer` (`cus_id`, `cus_fname`, `cus_lname`, `cus_street`, `cus_city`, `cus_state`, `cus_zip`, `cus_phone`, `cus_email`, `cus_balance`, `cus_total_sales`, `cus_notes`) VALUES (6, 'josh', 'maple', '222 blue st', 'tampa', 'fl', 758774893, 5556748987, 'blue@gmail.com', 4000, 3, NULL);
INSERT INTO `cjg18`.`customer` (`cus_id`, `cus_fname`, `cus_lname`, `cus_street`, `cus_city`, `cus_state`, `cus_zip`, `cus_phone`, `cus_email`, `cus_balance`, `cus_total_sales`, `cus_notes`) VALUES (7, 'jake', 'oak', '121 green st', 'tampa', 'fl', 758774894, 3332225678, 'green@gmail.com', 3000, 4, NULL);
INSERT INTO `cjg18`.`customer` (`cus_id`, `cus_fname`, `cus_lname`, `cus_street`, `cus_city`, `cus_state`, `cus_zip`, `cus_phone`, `cus_email`, `cus_balance`, `cus_total_sales`, `cus_notes`) VALUES (8, 'carlos', 'dodgeball', '999 yellow st', 'tampa', 'fl', 758774895, 6787778965, 'yellow@gmail.com', 4000, 3, NULL);
INSERT INTO `cjg18`.`customer` (`cus_id`, `cus_fname`, `cus_lname`, `cus_street`, `cus_city`, `cus_state`, `cus_zip`, `cus_phone`, `cus_email`, `cus_balance`, `cus_total_sales`, `cus_notes`) VALUES (9, 'zach', 'smith', '121 black st', 'tampa', 'fl', 758774896, 4443335678, 'black@gmail.com', 3300, 2, NULL);
INSERT INTO `cjg18`.`customer` (`cus_id`, `cus_fname`, `cus_lname`, `cus_street`, `cus_city`, `cus_state`, `cus_zip`, `cus_phone`, `cus_email`, `cus_balance`, `cus_total_sales`, `cus_notes`) VALUES (10, 'rod', 'jameson', '444 white st', 'tampa', 'fl', 758774897, 6545678987, 'white@gmail.com', 2200, 3, NULL);

COMMIT;


-- -----------------------------------------------------
-- Data for table `cjg18`.`pet`
-- -----------------------------------------------------
START TRANSACTION;
USE `cjg18`;
INSERT INTO `cjg18`.`pet` (`pet_id`, `pst_id`, `cus_id`, `pet_type`, `pet_sex`, `pet_cost`, `pet_price`, `pet_age`, `pet_color`, `pet_sale_date`, `pet_vaccine`, `pet_neuter`, `pet_notes`) VALUES (1, 1, 5, 'pitbull', 'm', 350, 500, 3, 'brown', '2009-10-10', 'y', 'y', NULL);
INSERT INTO `cjg18`.`pet` (`pet_id`, `pst_id`, `cus_id`, `pet_type`, `pet_sex`, `pet_cost`, `pet_price`, `pet_age`, `pet_color`, `pet_sale_date`, `pet_vaccine`, `pet_neuter`, `pet_notes`) VALUES (2, 2, 3, 'great dane', 'm', 222, 500, 2, 'brown', '2010-11-11', 'y', 'n', NULL);
INSERT INTO `cjg18`.`pet` (`pet_id`, `pst_id`, `cus_id`, `pet_type`, `pet_sex`, `pet_cost`, `pet_price`, `pet_age`, `pet_color`, `pet_sale_date`, `pet_vaccine`, `pet_neuter`, `pet_notes`) VALUES (3, 3, 8, 'shelty', 'f', 190, 500, 2, 'black', '2010-09-09', 'y', 'y', NULL);
INSERT INTO `cjg18`.`pet` (`pet_id`, `pst_id`, `cus_id`, `pet_type`, `pet_sex`, `pet_cost`, `pet_price`, `pet_age`, `pet_color`, `pet_sale_date`, `pet_vaccine`, `pet_neuter`, `pet_notes`) VALUES (4, 4, 2, 'poodle', 'f', 890, 990, 3, 'white', '2010-08-08', 'n', 'y', NULL);
INSERT INTO `cjg18`.`pet` (`pet_id`, `pst_id`, `cus_id`, `pet_type`, `pet_sex`, `pet_cost`, `pet_price`, `pet_age`, `pet_color`, `pet_sale_date`, `pet_vaccine`, `pet_neuter`, `pet_notes`) VALUES (5, 5, 1, 'mutt', 'm', 100, 500, 4, 'brown', '2010-07-07', 'n', 'n', NULL);
INSERT INTO `cjg18`.`pet` (`pet_id`, `pst_id`, `cus_id`, `pet_type`, `pet_sex`, `pet_cost`, `pet_price`, `pet_age`, `pet_color`, `pet_sale_date`, `pet_vaccine`, `pet_neuter`, `pet_notes`) VALUES (6, 6, 4, 'mutt', 'f', 100, 500, 3, 'black', '2009-12-12', 'y', 'y', NULL);
INSERT INTO `cjg18`.`pet` (`pet_id`, `pst_id`, `cus_id`, `pet_type`, `pet_sex`, `pet_cost`, `pet_price`, `pet_age`, `pet_color`, `pet_sale_date`, `pet_vaccine`, `pet_neuter`, `pet_notes`) VALUES (7, 7, 10, 'pitbull', 'f', 100, 500, 4, 'white', '2009-11-11', 'n', 'n', NULL);
INSERT INTO `cjg18`.`pet` (`pet_id`, `pst_id`, `cus_id`, `pet_type`, `pet_sex`, `pet_cost`, `pet_price`, `pet_age`, `pet_color`, `pet_sale_date`, `pet_vaccine`, `pet_neuter`, `pet_notes`) VALUES (8, 8, 6, 'poodle', 'f', 100, 500, 3, 'brown', '2008-10-10', 'y', 'y', NULL);
INSERT INTO `cjg18`.`pet` (`pet_id`, `pst_id`, `cus_id`, `pet_type`, `pet_sex`, `pet_cost`, `pet_price`, `pet_age`, `pet_color`, `pet_sale_date`, `pet_vaccine`, `pet_neuter`, `pet_notes`) VALUES (9, 9, 7, 'pitbull', 'f', 100, 500, 2, 'brown', '2007-10-10', 'n', 'n', NULL);
INSERT INTO `cjg18`.`pet` (`pet_id`, `pst_id`, `cus_id`, `pet_type`, `pet_sex`, `pet_cost`, `pet_price`, `pet_age`, `pet_color`, `pet_sale_date`, `pet_vaccine`, `pet_neuter`, `pet_notes`) VALUES (10, 10, 9, 'mutt', 'm', 100, 500, 3, 'black', '2009-01-01', 'y', 'y', NULL);

COMMIT;

